Workbook

Sheet Liste
A1: Kategorije | B1: Vrsta kupovine | C1: Jedinica
A2: Orašasti plodovi | B2: kilogram | C2: g
A3: Suvo voće | B3: litar | C3: ml
A4: Voće | B4: komad | C4: kom
A5: Povrće | B5: pakovanje
A6: Začini
A7: Biljna mleka
A8: Masti
A9: Ostalo

Sheet Uputstvo
A1: VegaLove Menadžer 2.0
A3: KORAK | B3: LIST | C3: ŠTA UNOSIŠ
A4: 1 | B4: Namirnice | C4: Tikvice 1,50 €/kg: Vrsta kupovine = kilogram, Količina = 1, Cena = 1,50.
A5: 2 | B5: Recepture | C5: Samo količinu u gramima, mililitrima ili komadima.
A6: 3 | B6: Proizvodi | C6: Broj porcija, vreme rada i prodajnu cenu.
A7: 4 | B7: Prodaja | C7: Datum, proizvod i količinu.
A8: VAŽNO | B8: Žute ćelije | C8: To su polja za unos; ostalo se računa automatski.

Sheet Podesavanja
A1: Podešavanja
A3: Parametar | B3: Vrednost | C3: Jedinica | D3: Napomena
A4: Radni dani | B4: 26 | C4: dana
A5: Dnevni pazar | B5: 150 | C5: €
A6: Ciljani pazar | B6: 250 | C6: €
A7: Rad po satu | B7: 8 | C7: €/sat
A8: Rezerva | B8: 0.05 | C8: %
A9: Zakup | B9: 800 | C9: €
A10: Struja | B10: 100 | C10: €
A11: Voda | B11: 25 | C11: €
A12: Internet | B12: 25 | C12: €
A13: Knjigovođa | B13: 120 | C13: €
A14: Komunalije | B14: 20 | C14: €
A15: Čišćenje | B15: 5 | C15: €
... A19: Ostalo | B19: 50 | C19: €
A21: Obračun | B21: Vrednost
A22: Fiksni troškovi | B22: =SUM(B9:B19) -> 2412
A23: Mesečni pazar | B23: =B4*B5 -> 3900
A24: Udeo fiksnih | B24: =IFERROR(B22/B23,0) -> 0.61846154

Sheet Namirnice
A1: Centralni cenovnik namirnica
A3: Šifra | B3: Namirnica | C3: Kategorija | D3: Vrsta kupovine | E3: Količina koju plaćaš | F3: Jedinica unosa | G3: Cena (€) | H3: Osnovna jedinica | I3: Osnovna količina | J3: Cena po jedinici
A4: N001 | B4: Orasi | C4: Orašasti plodovi | D4: kilogram | E4: 1 | F4: kg | G4: 14 | H4: g | I4: =IF(D4="kilogram",E4*1000,IF(D4="litar",E4*1000,E4)) -> 1000 | J4: =IFERROR(G4/I4,0) -> 0.014
A5: N002 | B5: Urme | C5: Suvo voće | D5: kilogram | E5: 1 | F5: kg | G5: 6 | H5: g | I5: =IF(D5="kilogram",E5*1000,IF(D5="litar",E5*1000,E5)) -> 1000 | J5: =IFERROR(G5/I5,0) -> 0.006
A6: N003 | B6: Kakao prah | C6: Ostalo | D6: kilogram | E6: 1 | F6: kg | G6: 28 | H6: g | I6: =IF(D6="kilogram",E6*1000,IF(D6="litar",E6*1000,E6)) -> 1000 | J6: =IFERROR(G6/I6,0) -> 0.028
A7: N004 | B7: Vanila prah | C7: Ostalo | D7: pakovanje | E7: 10 | F7: g | G7: 7 | H7: g | I7: =IF(D7="kilogram",E7*1000,IF(D7="litar",E7*1000,E7)) -> 10 | J7: =IFERROR(G7/I7,0) -> 0.7
A8: N005 | B8: Indijski orah | C8: Orašasti plodovi | D8: kilogram | E8: 1 | F8: kg | G8: 20 | H8: g | I8: =IF(D8="kilogram",E8*1000,IF(D8="litar",E8*1000,E8)) -> 1000 | J8: =IFERROR(G8/I8,0) -> 0.02
A9: N006 | B9: Kokos mleko | C9: Biljna mleka | D9: pakovanje | E9: 400 | F9: ml | G9: 5 | H9: ml | I9: =IF(D9="kilogram",E9*1000,IF(D9="litar",E9*1000,E9)) -> 400 | J9: =IFERROR(G9/I9,0) -> 0.0125
A10: N007 | B10: Kakao puter | C10: Masti | D10: kilogram | E10: 1 | F10: kg | G10: 50 | H10: g | I10: =IF(D10="kilogram",E10*1000,IF(D10="litar",E10*1000,E10)) -> 1000 | J10: =IFERROR(G10/I10,0) -> 0.05
A11: N008 | B11: Tikvice | C11: Povrće | D11: kilogram | E11: 1 | F11: kg | G11: 1.5 | H11: g | I11: =IF(D11="kilogram",E11*1000,IF(D11="litar",E11*1000,E11)) -> 1000 | J11: =IFERROR(G11/I11,0) -> 0.0015
A12: N009 | B12: Avokado | C12: Voće | D12: kilogram | E12: 1 | F12: kg | G12: 0 | H12: g | I12: =IF(D12="kilogram",E12*1000,IF(D12="litar",E12*1000,E12)) -> 1000 | J12: =IFERROR(G12/I12,0) -> 0
A13: N010 | B13: Paradajz | C13: Povrće | D13: kilogram | E13: 1 | F13: kg | G13: 0 | H13: g | I13: =IF(D13="kilogram",E13*1000,IF(D13="litar",E13*1000,E13)) -> 1000 | J13: =IFERROR(G13/I13,0) -> 0
A14: N011 | B14: Limun | C14: Voće | D14: kilogram | E14: 1 | F14: kg | G14: 3 | H14: g | I14: =IF(D14="kilogram",E14*1000,IF(D14="litar",E14*1000,E14)) -> 1000 | J14: =IFERROR(G14/I14,0) -> 0.003
A15: N012 | B15: Vlasac | C15: Začini | D15: pakovanje | E15: 0 | F15: g | G15: 0 | H15: g | I15: =IF(D15="kilogram",E15*1000,IF(D15="litar",E15*1000,E15)) -> 0 | J15: =IFERROR(G15/I15,0) -> 0
... A19: N016 | B19: Heljda | C19: Orašasti plodovi | D19: kilogram | E19: 1 | F19: kg | G19: 6 | H19: g | I19: =IF(D19="kilogram",E19*1000,IF(D19="litar",E19*1000,E19)) -> 1000 | J19: =IFERROR(G19/I19,0) -> 0.006
B20: Masline | C20: Voće | D20: kilogram | E20: 1 | F20: kg | G20: 8 | H20: g | I20: =IF(D20="kilogram",E20*1000,IF(D20="litar",E20*1000,E20)) -> 1000 | J20: =IFERROR(G20/I20,0) -> 0.008
I21: =IF(D21="kilogram",E21*1000,IF(D21="litar",E21*1000,E21)) | J21: =IFERROR(G21/I21,0) -> 0
I22: =IF(D22="kilogram",E22*1000,IF(D22="litar",E22*1000,E22)) | J22: =IFERROR(G22/I22,0) -> 0
I23: =IF(D23="kilogram",E23*1000,IF(D23="litar",E23*1000,E23)) | J23: =IFERROR(G23/I23,0) -> 0
I24: =IF(D24="kilogram",E24*1000,IF(D24="litar",E24*1000,E24)) | J24: =IFERROR(G24/I24,0) -> 0
I25: =IF(D25="kilogram",E25*1000,IF(D25="litar",E25*1000,E25)) | J25: =IFERROR(G25/I25,0) -> 0
I26: =IF(D26="kilogram",E26*1000,IF(D26="litar",E26*1000,E26)) | J26: =IFERROR(G26/I26,0) -> 0
I27: =IF(D27="kilogram",E27*1000,IF(D27="litar",E27*1000,E27)) | J27: =IFERROR(G27/I27,0) -> 0
I28: =IF(D28="kilogram",E28*1000,IF(D28="litar",E28*1000,E28)) | J28: =IFERROR(G28/I28,0) -> 0
I29: =IF(D29="kilogram",E29*1000,IF(D29="litar",E29*1000,E29)) | J29: =IFERROR(G29/I29,0) -> 0
I30: =IF(D30="kilogram",E30*1000,IF(D30="litar",E30*1000,E30)) | J30: =IFERROR(G30/I30,0) -> 0
I31: =IF(D31="kilogram",E31*1000,IF(D31="litar",E31*1000,E31)) | J31: =IFERROR(G31/I31,0) -> 0
I32: =IF(D32="kilogram",E32*1000,IF(D32="litar",E32*1000,E32)) | J32: =IFERROR(G32/I32,0) -> 0
... I200: =IF(D200="kilogram",E200*1000,IF(D200="litar",E200*1000,E200)) | J200: =IFERROR(G200/I200,0) -> 0

Sheet Recepture
A1: Recepture
A3: Proizvod | B3: Namirnica | C3: Količina | D3: Jedinica | E3: Cena po jedinici | F3: Trošak
A4: Čokoladna torta | B4: Orasi | C4: 300 | D4: g | E4: =IFERROR(VLOOKUP(B4,Namirnice!$B$4:$J$200,9,FALSE),0) -> 0.014 | F4: =C4*E4 -> 4.2
A5: Čokoladna torta | B5: Urme | C5: 500 | D5: g | E5: =IFERROR(VLOOKUP(B5,Namirnice!$B$4:$J$200,9,FALSE),0) -> 0.006 | F5: =C5*E5 -> 3
A6: Čokoladna torta | B6: Kakao prah | C6: 45 | D6: g | E6: =IFERROR(VLOOKUP(B6,Namirnice!$B$4:$J$200,9,FALSE),0) -> 0.028 | F6: =C6*E6 -> 1.26
A7: Čokoladna torta | B7: Vanila prah | C7: 2 | D7: g | E7: =IFERROR(VLOOKUP(B7,Namirnice!$B$4:$J$200,9,FALSE),0) -> 0.7 | F7: =C7*E7 -> 1.4
A8: Čokoladna torta | B8: Indijski orah | C8: 150 | D8: g | E8: =IFERROR(VLOOKUP(B8,Namirnice!$B$4:$J$200,9,FALSE),0) -> 0.02 | F8: =C8*E8 -> 3
A9: Čokoladna torta | B9: Kokos mleko | C9: 300 | D9: ml | E9: =IFERROR(VLOOKUP(B9,Namirnice!$B$4:$J$200,9,FALSE),0) -> 0.0125 | F9: =C9*E9 -> 3.75
A10: Čokoladna torta | B10: Kakao puter | C10: 30 | D10: g | E10: =IFERROR(VLOOKUP(B10,Namirnice!$B$4:$J$200,9,FALSE),0) -> 0.05 | F10: =C10*E10 -> 1.5
A11: Špageti Meganeze | B11: Tikvice | C11: 350 | D11: g | E11: =IFERROR(VLOOKUP(B11,Namirnice!$B$4:$J$200,9,FALSE),0) -> 0.0015 | F11: =C11*E11 -> 0.525
A12: Špageti Meganeze | B12: Avokado | C12: 1 | D12: kom | E12: 1.5 | F12: =C12*E12 -> 1.5
A13: Špageti Meganeze | B13: Paradajz | C13: 150 | D13: g | E13: 0.0015 | F13: =C13*E13 -> 0.225
A14: Špageti Meganeze | B14: Limun | C14: 100 | D14: g | E14: 0.003 | F14: =C14*E14 -> 0.3
A15: Špageti Meganeze | B15: Badem | C15: 30 | D15: g | E15: =IFERROR(VLOOKUP(B15,Namirnice!$B$4:$J$200,9,FALSE),0) -> 0.015 | F15: =C15*E15 -> 0.45
A16: Špageti Meganeze | B16: Tamari | C16: 20 | D16: ml | E16: 0.006 | F16: =C16*E16 -> 0.12
E17: =IFERROR(VLOOKUP(B17,Namirnice!$B$4:$J$200,9,FALSE),0) -> 0 | F17: =C17*E17 -> 0
E18: =IFERROR(VLOOKUP(B18,Namirnice!$B$4:$J$200,9,FALSE),0) -> 0 | F18: =C18*E18 -> 0
E19: =IFERROR(VLOOKUP(B19,Namirnice!$B$4:$J$200,9,FALSE),0) -> 0 | F19: =C19*E19 -> 0
E20: =IFERROR(VLOOKUP(B20,Namirnice!$B$4:$J$200,9,FALSE),0) -> 0 | F20: =C20*E20 -> 0
E21: =IFERROR(VLOOKUP(B21,Namirnice!$B$4:$J$200,9,FALSE),0) -> 0 | F21: =C21*E21 -> 0
E22: =IFERROR(VLOOKUP(B22,Namirnice!$B$4:$J$200,9,FALSE),0) -> 0 | F22: =C22*E22 -> 0
E23: =IFERROR(VLOOKUP(B23,Namirnice!$B$4:$J$200,9,FALSE),0) -> 0 | F23: =C23*E23 -> 0
E24: =IFERROR(VLOOKUP(B24,Namirnice!$B$4:$J$200,9,FALSE),0) -> 0 | F24: =C24*E24 -> 0
E25: =IFERROR(VLOOKUP(B25,Namirnice!$B$4:$J$200,9,FALSE),0) -> 0 | F25: =C25*E25 -> 0
E26: =IFERROR(VLOOKUP(B26,Namirnice!$B$4:$J$200,9,FALSE),0) -> 0 | F26: =C26*E26 -> 0
E27: =IFERROR(VLOOKUP(B27,Namirnice!$B$4:$J$200,9,FALSE),0) -> 0 | F27: =C27*E27 -> 0
E28: =IFERROR(VLOOKUP(B28,Namirnice!$B$4:$J$200,9,FALSE),0) -> 0 | F28: =C28*E28 -> 0
... E500: =IFERROR(VLOOKUP(B500,Namirnice!$B$4:$J$200,9,FALSE),0) -> 0 | F500: =C500*E500 -> 0

Sheet Proizvodi
A1: Proizvodi
A3: Proizvod | B3: Porcije | C3: Sastojci | D3: Rad min | E3: Trošak rada | F3: Rezerva | G3: Fiksni trošak | H3: Ukupna cena | I3: Cena/porcija | J3: Prodajna cena | K3: Zarada | L3: Marža
A4: Čokoladna torta | B4: 12 | C4: =SUMIF(Recepture!$A$4:$A$500,A4,Recepture!$F$4:$F$500) -> 18.11 | D4: 90 | E4: =D4/60*Podesavanja!$B$7 -> 12 | F4: =(C4+E4)*Podesavanja!$B$8 -> 1.5055 | G4: =(C4+E4+F4)*Podesavanja!$B$24 -> 19.552971 | H4: =C4+E4+F4 -> 31.6155 | I4: =IFERROR(H4/B4,0) -> 2.634625 | J4: 0 | K4: =J4-I4 -> -2.634625 | L4: =IFERROR(K4/J4,0) -> 0
A5: Špageti Meganeze | B5: 1 | C5: =SUMIF(Recepture!$A$4:$A$500,A5,Recepture!$F$4:$F$500) -> 3.12 | D5: 15 | E5: =D5/60*Podesavanja!$B$7 -> 2 | F5: =(C5+E5)*Podesavanja!$B$8 -> 0.256 | G5: =(C5+E5+F5)*Podesavanja!$B$24 -> 3.3248492 | H5: =C5+E5+F5 -> 5.376 | I5: =IFERROR(H5/B5,0) -> 5.376 | J5: 0 | K5: =J5-I5 -> -5.376 | L5: =IFERROR(K5/J5,0) -> 0
C6: =SUMIF(Recepture!$A$4:$A$500,A6,Recepture!$F$4:$F$500) -> 0 | E6: =D6/60*Podesavanja!$B$7 -> 0 | F6: =(C6+E6)*Podesavanja!$B$8 -> 0 | G6: =(C6+E6+F6)*Podesavanja!$B$24 -> 0 | H6: =C6+E6+F6 -> 0 | I6: =IFERROR(H6/B6,0) -> 0 | K6: =J6-I6 -> 0 | L6: =IFERROR(K6/J6,0) -> 0
C7: =SUMIF(Recepture!$A$4:$A$500,A7,Recepture!$F$4:$F$500) -> 0 | E7: =D7/60*Podesavanja!$B$7 -> 0 | F7: =(C7+E7)*Podesavanja!$B$8 -> 0 | G7: =(C7+E7+F7)*Podesavanja!$B$24 -> 0 | H7: =C7+E7+F7 -> 0 | I7: =IFERROR(H7/B7,0) -> 0 | K7: =J7-I7 -> 0 | L7: =IFERROR(K7/J7,0) -> 0
C8: =SUMIF(Recepture!$A$4:$A$500,A8,Recepture!$F$4:$F$500) -> 0 | E8: =D8/60*Podesavanja!$B$7 -> 0 | F8: =(C8+E8)*Podesavanja!$B$8 -> 0 | G8: =(C8+E8+F8)*Podesavanja!$B$24 -> 0 | H8: =C8+E8+F8 -> 0 | I8: =IFERROR(H8/B8,0) -> 0 | K8: =J8-I8 -> 0 | L8: =IFERROR(K8/J8,0) -> 0
C9: =SUMIF(Recepture!$A$4:$A$500,A9,Recepture!$F$4:$F$500) -> 0 | E9: =D9/60*Podesavanja!$B$7 -> 0 | F9: =(C9+E9)*Podesavanja!$B$8 -> 0 | G9: =(C9+E9+F9)*Podesavanja!$B$24 -> 0 | H9: =C9+E9+F9 -> 0 | I9: =IFERROR(H9/B9,0) -> 0 | K9: =J9-I9 -> 0 | L9: =IFERROR(K9/J9,0) -> 0
C10: =SUMIF(Recepture!$A$4:$A$500,A10,Recepture!$F$4:$F$500) -> 0 | E10: =D10/60*Podesavanja!$B$7 -> 0 | F10: =(C10+E10)*Podesavanja!$B$8 -> 0 | G10: =(C10+E10+F10)*Podesavanja!$B$24 -> 0 | H10: =C10+E10+F10 -> 0 | I10: =IFERROR(H10/B10,0) -> 0 | K10: =J10-I10 -> 0 | L10: =IFERROR(K10/J10,0) -> 0
C11: =SUMIF(Recepture!$A$4:$A$500,A11,Recepture!$F$4:$F$500) -> 0 | E11: =D11/60*Podesavanja!$B$7 -> 0 | F11: =(C11+E11)*Podesavanja!$B$8 -> 0 | G11: =(C11+E11+F11)*Podesavanja!$B$24 -> 0 | H11: =C11+E11+F11 -> 0 | I11: =IFERROR(H11/B11,0) -> 0 | K11: =J11-I11 -> 0 | L11: =IFERROR(K11/J11,0) -> 0
C12: =SUMIF(Recepture!$A$4:$A$500,A12,Recepture!$F$4:$F$500) -> 0 | E12: =D12/60*Podesavanja!$B$7 -> 0 | F12: =(C12+E12)*Podesavanja!$B$8 -> 0 | G12: =(C12+E12+F12)*Podesavanja!$B$24 -> 0 | H12: =C12+E12+F12 -> 0 | I12: =IFERROR(H12/B12,0) -> 0 | K12: =J12-I12 -> 0 | L12: =IFERROR(K12/J12,0) -> 0
C13: =SUMIF(Recepture!$A$4:$A$500,A13,Recepture!$F$4:$F$500) -> 0 | E13: =D13/60*Podesavanja!$B$7 -> 0 | F13: =(C13+E13)*Podesavanja!$B$8 -> 0 | G13: =(C13+E13+F13)*Podesavanja!$B$24 -> 0 | H13: =C13+E13+F13 -> 0 | I13: =IFERROR(H13/B13,0) -> 0 | K13: =J13-I13 -> 0 | L13: =IFERROR(K13/J13,0) -> 0
C14: =SUMIF(Recepture!$A$4:$A$500,A14,Recepture!$F$4:$F$500) -> 0 | E14: =D14/60*Podesavanja!$B$7 -> 0 | F14: =(C14+E14)*Podesavanja!$B$8 -> 0 | G14: =(C14+E14+F14)*Podesavanja!$B$24 -> 0 | H14: =C14+E14+F14 -> 0 | I14: =IFERROR(H14/B14,0) -> 0 | K14: =J14-I14 -> 0 | L14: =IFERROR(K14/J14,0) -> 0
C15: =SUMIF(Recepture!$A$4:$A$500,A15,Recepture!$F$4:$F$500) -> 0 | E15: =D15/60*Podesavanja!$B$7 -> 0 | F15: =(C15+E15)*Podesavanja!$B$8 -> 0 | G15: =(C15+E15+F15)*Podesavanja!$B$24 -> 0 | H15: =C15+E15+F15 -> 0 | I15: =IFERROR(H15/B15,0) -> 0 | K15: =J15-I15 -> 0 | L15: =IFERROR(K15/J15,0) -> 0
C16: =SUMIF(Recepture!$A$4:$A$500,A16,Recepture!$F$4:$F$500) -> 0 | E16: =D16/60*Podesavanja!$B$7 -> 0 | F16: =(C16+E16)*Podesavanja!$B$8 -> 0 | G16: =(C16+E16+F16)*Podesavanja!$B$24 -> 0 | H16: =C16+E16+F16 -> 0 | I16: =IFERROR(H16/B16,0) -> 0 | K16: =J16-I16 -> 0 | L16: =IFERROR(K16/J16,0) -> 0
C17: =SUMIF(Recepture!$A$4:$A$500,A17,Recepture!$F$4:$F$500) -> 0 | E17: =D17/60*Podesavanja!$B$7 -> 0 | F17: =(C17+E17)*Podesavanja!$B$8 -> 0 | G17: =(C17+E17+F17)*Podesavanja!$B$24 -> 0 | H17: =C17+E17+F17 -> 0 | I17: =IFERROR(H17/B17,0) -> 0 | K17: =J17-I17 -> 0 | L17: =IFERROR(K17/J17,0) -> 0
... C200: =SUMIF(Recepture!$A$4:$A$500,A200,Recepture!$F$4:$F$500) -> 0 | E200: =D200/60*Podesavanja!$B$7 -> 0 | F200: =(C200+E200)*Podesavanja!$B$8 -> 0 | G200: =(C200+E200+F200)*Podesavanja!$B$24 -> 0 | H200: =C200+E200+F200 -> 0 | I200: =IFERROR(H200/B200,0) -> 0 | K200: =J200-I200 -> 0 | L200: =IFERROR(K200/J200,0) -> 0
